{
  "ext/fragment/Frag1.js": 1711351074628,
  "Component.js": 1710919592859,
  "ext/fragment/Workflow.js": 1712048078199,
  "i18n/i18n.properties": 1711284366733,
  "ext/fragment/Comments.js": 1711705024885,
  "ext/controller/ObjectC.controller.js": 1712047949193,
  "ext/controller/ListC.controller.js": 1711355801152,
  "manifest.json": 1712123453324,
  "Component-preload.js": 1712123453771,
  "ext/fragment/Comments-dbg.js": 1711705024885,
  "ext/fragment/Frag1-dbg.js": 1711351074628,
  "ext/fragment/Workflow-dbg.js": 1712048078199,
  "ext/controller/ObjectC-dbg.controller.js": 1712047949193,
  "ext/controller/ListC-dbg.controller.js": 1711355801152,
  "Component-dbg.js": 1710919592859,
  "ext/fragment/Workflow.fragment.xml": 1711291304508,
  "ext/fragment/Frag1.fragment.xml": 1711291425514,
  "ext/fragment/Comments.fragment.xml": 1710995339170,
  "css/style.css": 1711041999954,
  "index.html": 1710919592859
}