{
  "ext/fragment/Comments.fragment.xml": 1710995339170,
  "ext/controller/ObjectC.controller.js": 1711016142207,
  "ext/fragment/Workflow.js": 1710995435397,
  "ext/fragment/Frag1.js": 1710929117869,
  "ext/fragment/Comments.js": 1710919592859,
  "manifest.json": 1711017166094,
  "Component.js": 1710919592859,
  "Component-preload.js": 1711017166256,
  "Component-dbg.js": 1710919592859,
  "ext/fragment/Frag1-dbg.js": 1710929117869,
  "ext/fragment/Comments-dbg.js": 1710919592859,
  "ext/controller/ObjectC-dbg.controller.js": 1711016142207,
  "ext/fragment/Workflow-dbg.js": 1710995435397,
  "ext/fragment/Workflow.fragment.xml": 1711014341330,
  "ext/fragment/Frag1.fragment.xml": 1711016043249,
  "i18n/i18n.properties": 1710919592859,
  "css/style.css": 1710919592859,
  "index.html": 1710919592859
}