{
  "css/style.css": 1711041999954,
  "ext/fragment/Comments.js": 1713269097051,
  "ext/fragment/Workflow.js": 1713074973797,
  "ext/fragment/Frag1.js": 1712312159467,
  "manifest.json": 1713284886681,
  "ext/controller/ObjectC.controller.js": 1713259805275,
  "ext/controller/ListC.controller.js": 1711355801152,
  "Component.js": 1710919592859,
  "Component-preload.js": 1713284887177,
  "ext/controller/ObjectC-dbg.controller.js": 1713259805275,
  "ext/fragment/Frag1-dbg.js": 1712312159467,
  "ext/fragment/Comments-dbg.js": 1713269097051,
  "ext/fragment/Workflow-dbg.js": 1713074973797,
  "ext/controller/ListC-dbg.controller.js": 1711355801152,
  "Component-dbg.js": 1710919592859,
  "ext/fragment/Workflow.fragment.xml": 1713256409924,
  "ext/fragment/Frag1.fragment.xml": 1712304123540,
  "ext/fragment/Comments.fragment.xml": 1710995339170,
  "i18n/i18n.properties": 1711284366733,
  "index.html": 1710919592859
}