{
  "ext/fragment/Comments.fragment.xml": 1710995339170,
  "ext/fragment/Frag1.js": 1711351074628,
  "ext/fragment/Workflow.js": 1710995435397,
  "manifest.json": 1711352397230,
  "ext/fragment/Comments.js": 1710919592859,
  "ext/controller/ObjectC.controller.js": 1711340390176,
  "ext/controller/ListC.controller.js": 1711283693419,
  "Component.js": 1710919592859,
  "Component-preload.js": 1711352397614,
  "ext/controller/ListC-dbg.controller.js": 1711283693419,
  "ext/fragment/Frag1-dbg.js": 1711351074628,
  "ext/fragment/Comments-dbg.js": 1710919592859,
  "ext/controller/ObjectC-dbg.controller.js": 1711340390176,
  "ext/fragment/Workflow-dbg.js": 1710995435397,
  "Component-dbg.js": 1710919592859,
  "ext/fragment/Workflow.fragment.xml": 1711291304508,
  "ext/fragment/Frag1.fragment.xml": 1711291425514,
  "i18n/i18n.properties": 1711284366733,
  "css/style.css": 1711041999954,
  "index.html": 1710919592859
}