{
  "Component-preload.js": 1713284896685,
  "Component.js": 1711427412385,
  "model/models.js": 1711427412389,
  "controller/View1.controller.js": 1711724500329,
  "controller/App.controller.js": 1711726191766,
  "manifest.json": 1713284896400,
  "i18n/i18n.properties": 1711427429601,
  "Component-dbg.js": 1711427412385,
  "controller/View1-dbg.controller.js": 1711724500329,
  "controller/App-dbg.controller.js": 1711726191766,
  "model/models-dbg.js": 1711427412389,
  "view/View1.view.xml": 1711430422927,
  "view/App.view.xml": 1711732882898,
  "css/style.css": 1711427412397,
  "index.html": 1711427412385
}