{
  "ext/fragment/Comments.fragment.xml": 1710995339170,
  "ext/controller/ListC.controller.js": 1713865561517,
  "ext/fragment/Workflow.js": 1713373849689,
  "ext/fragment/Frag1.js": 1712312159467,
  "ext/fragment/Comments.js": 1713574686835,
  "ext/controller/ObjectC.controller.js": 1714453656411,
  "manifest.json": 1714454571684,
  "Component.js": 1710919592859,
  "Component-preload.js": 1714454572201,
  "ext/controller/ObjectC-dbg.controller.js": 1714453656411,
  "ext/fragment/Frag1-dbg.js": 1712312159467,
  "ext/fragment/Comments-dbg.js": 1713574686835,
  "ext/fragment/Workflow-dbg.js": 1713373849689,
  "ext/controller/ListC-dbg.controller.js": 1713865561517,
  "Component-dbg.js": 1710919592859,
  "ext/fragment/Workflow.fragment.xml": 1713848354559,
  "ext/fragment/Frag1.fragment.xml": 1712304123540,
  "i18n/i18n.properties": 1711284366733,
  "css/style.css": 1711041999954,
  "index.html": 1710919592859
}