{
  "ext/controller/Approve.js": 1710994409777,
  "Component.js": 1710919592863,
  "ext/fragment/Workflow.js": 1710919592863,
  "ext/fragment/Comments.js": 1710919592863,
  "ext/fragment/Attachment.js": 1710919592863,
  "ext/controller/Reject.js": 1710994606088,
  "i18n/i18n.properties": 1710919592863,
  "manifest.json": 1711017184668,
  "Component-preload.js": 1711017185002,
  "ext/controller/Reject-dbg.js": 1710994606088,
  "ext/controller/Approve-dbg.js": 1710994409777,
  "ext/fragment/Workflow-dbg.js": 1710919592863,
  "ext/fragment/Comments-dbg.js": 1710919592863,
  "ext/fragment/Attachment-dbg.js": 1710919592863,
  "Component-dbg.js": 1710919592863,
  "ext/fragment/Workflow.fragment.xml": 1710995640812,
  "ext/fragment/Comments.fragment.xml": 1711014733745,
  "ext/fragment/Attachment.fragment.xml": 1710919592863,
  "css/style.css": 1710919592863,
  "index.html": 1710919592863
}