{
  "Component-preload.js": 1712123459245,
  "manifest.json": 1712123458828,
  "ext/fragment/Workflow.js": 1710919592863,
  "ext/fragment/Comments.js": 1710919592863,
  "ext/fragment/Attachment.js": 1711347779351,
  "ext/controller/Reject.js": 1711344271550,
  "ext/controller/ObjC.controller.js": 1711352201485,
  "ext/controller/Approve.js": 1711342169595,
  "Component.js": 1710919592863,
  "i18n/i18n.properties": 1710919592863,
  "ext/fragment/Workflow-dbg.js": 1710919592863,
  "ext/fragment/Comments-dbg.js": 1710919592863,
  "ext/fragment/Attachment-dbg.js": 1711347779351,
  "ext/controller/Reject-dbg.js": 1711344271550,
  "ext/controller/ObjC-dbg.controller.js": 1711352201485,
  "ext/controller/Approve-dbg.js": 1711342169595,
  "Component-dbg.js": 1710919592863,
  "ext/fragment/Workflow.fragment.xml": 1711360430303,
  "ext/fragment/Comments.fragment.xml": 1711014733745,
  "ext/fragment/Attachment.fragment.xml": 1711348800099,
  "css/style.css": 1710919592863,
  "index.html": 1710919592863
}